,Company Name,Address,Phone
0,Htl Infotech,"C-32, Noida Sector 2, Noida - 201301, Gautam Budh Nagar",07947215302
1,Towards Digital,"H-17/260 Basement Floor, Sector-7, Rohini, Delhi - 110085",07947215582
2,Genuine Copier Venture Pvt ..,"836 C, Tower B-3, Spaze I Tech Park, Sector 49, Gurgaon, Gurgaon - 122001, Near Sohna Road",07947058251
3,Print 2 Digital In,"GH-8/506, Paschim Vihar, Delhi - 110063",+(91)-9811838680
4,Fcr Group,"421, Fourth Floor, City Centre Mall, Sector-12,, Dwarka, Delhi - 110075",07947234612
5,Wow Digital Pvt Ltd,"L-29, First Floor, Connaught Place, Delhi - 110001, Near- Haldiram",07947224691
6,Fotoplane Social,"F-66, Ground Floor, Suncity,, Gurgaon Sector 54, Gurgaon - 122003, Suncity School",07947270025
7,Amazing Software,"D 29 Office No.214, Laxmi Nagar, Delhi - 110092, Vikas Marg",07947076663
8,Wiselydigital.com,"B-59,Gali No.1, Phase-1, Bhagirathi Vihar, Delhi - 110094, Suman Vidhya Mandir School",08045789244
9,Mg Solutions,"G-200, Noida Sector 63, Noida - 201307, G Block",07947452546
10,Digital Line INDIA,"Office No. 312, H-3, Vardhman Plaza, Netaji Subhash Place Complex-Pitampura, Delhi - 110034, Behind P P Jewellers Pvt Ltd",07947230211
11,Designscreations,"JG-2/562, Ground Floor, Vikaspuri, Delhi - 110018, Near Metro Pillar No P-30",+(91)-9990911409
12,Softonic Solution,"Block A, 2nd Floor, Plot No. 11, 12, 16, 17, Palam Extension, Sector 7 Dwarka, Delhi - 110075, Sector 7 Dwarka",07947081950
13,Adiz Connect,"Block 22, Sector 2, Diz-Gol Market, Delhi - 110001",07947467365
14,A2 Promotion,"F-2468, Sector-23, Palam Vihar, Gurgaon - 122017, Near Ansal Plaza Mall",07947349317
15,Sprinkle Media,"B-24 1st Floor, Pushpanjali Enclave-Pitampura, Pushpanjali Enclave-pitampura, Delhi - 110034, Opp Pillar No-35",08045797455
16,PR Guru,"404-A, Pratap Bhawan Bahahdur Shah Zafar Marg, 4st Floor, ITO, Delhi - 110002",+(91)-11-40453445
17,The Mridul Photography,"MAIN DADRI ROAD, Surajpur Industrial Area, Noida - 201306, ARYA SMAJ MANDIR",07947165576
18,Brand Innovation,"4134 First Floor, Sector 23-A, Gurgaon, Gurgaon - 122017",07947233361
19,Pentalead Media Private Lim..,"Office No. 203, G192, Noida Sector 63, Noida - 201307",07947234452
20,Suprams Info Solutions Priv..,"817-A, Jaina Tower-II, District Center, Janakpuri, Delhi - 110058, Near Janakpuri Metro Station (West)",07947224114
21,Coral 100,"LGF73    Rajhans Plaza, Rajhans Plaza, Indirapuram, Ghaziabad - 201014",07947285350
22,Ensit - Website & Android D..,"454/2 Balaji House First Floor, Azadpur, Delhi - 110033",07947325269
23,Trivee Technology,"B 116, Second Floor, Opp Metro Pillar Number 547, Ganesh Nagar, Delhi - 110092, Nr Janakpuri East Metro Station",+(91)-9891210081
24,Get Marketed,"25/160,basemant,vikram Vihar, Gautam Nagar, Delhi - 110049, Near Moolchand Metro Station",07947167533
25,Marketing Clinic,"Buikding No - 124, Block C, Noida Sector 10, Noida - 201301, Near Noida Stadium",07947467833
26,Flying Minds,"316 Shri Nagar Garden, Street Number 2, Rani Bagh, Delhi - 110034",+(91)-9899818881
27,Softonic Solution,"Kutub Plaza Market, DLF City Phase 1, Gurgaon - 122002",07947162482
28,Immortal Technologies Pvt L..,"Plot No-596, First Floor, Udyog Vihar Industrial Area Phase 5, Gurgaon - 122016",07947193042
29,Sharmaenterprisesnoida.com,"C-4 1st Floor Sector 63 Noida Gautam Buddha Nagar Uttar Pradesh, Noida Sector 63, Noida - 201307",07947467569
30,Divine Web Solution,"G 22/ 174, Sector 7, Rohini, Delhi - 110085",07947234914
31,ITS IT Solutions,"Unit No. 333A, Tower B, Sohna, Gurgaon Sector 47, Gurgaon - 122018, Spaze Edge",07947468017
32,Galaxy Of Web,"48/8, Ground Floor, Ashok Nagar, Delhi - 110018, Near Tilak Nagar, Arya Samaj Mandir",+(91)-9899998237
33,Webkype Info Services Pvt L..,"F-54, ground floor, Sector 8, Noida - 201301, Near Paytm",07947220584
34,Infoasia Systems,"45 A  Amar Plaza Office No 303, Hassan Pur Village, Delhi - 110092, Behind Hassanpur Village Bus Stop",+(91)-011-49074871
35,The Graphic House,"M 302, Dharma Apartment, Indraprastha Extension, Delhi - 110092, Near Mother Dairy",07947221701
36,Galaxy Advertising And Even..,"shop no 11, DDA  market, Janakpuri C Block, Delhi - 110058, near orchid hospital",07947230687
37,Make Easy Technology Pvt Lt..,"Building No.1, Lal Kuan Ghaziabad, Ghaziabad - 201001, Near SBI Bank",07947454323
38,Nextra Online Service Pvt L..,"Plot No 4B, District Centre, Mayur Vihar Phase 1 Extension, Delhi - 110091, Petrol Pump",07947461295
39,Motivation N You,"Main Market, Connaught Place, Delhi - 110001",+(91)-8708023967
40,The Design Point,"A-64, 3rd Floor, Jj Colony, Tigri, Delhi - 110062, Main Road",07947218713
41,Webxxpert,"D-139 First Floor.lane No 6, Laxmi Nagar, Delhi - 110092",07947238822
42,Searchosis Marketing Pvt Lt..,"115 A, Vipul Business Park, Gurgaon Sector 48, Gurgaon - 122001, Near Sohna Road",07947230915
43,Softonic Solution,"E5 , E Block, South Extension 2, Delhi - 110049, Rk Jewellers",+(91)-9310461745
44,Cached Solutions,"105-108, First Floor Bhanot Bhawan, Azadpur, Delhi - 110033, Near Aakash Cinema,Commercial Complex",+(91)-9582222265
45,Orbester Infotech Pvt Ltd,"Vardhman Crown Mall, Office No. 255-256, 2nd Floor, Dwarka Sector 19, Delhi - 110075, Near Dwarka Sector 10 Metro Station",07947223799
46,Mystic Media,"C-7/73,Keshav Puram, New Delhi, Keshav Puram, Delhi - 110035, Near C 7 Mother Dairy",07947453571
47,Apzle Technology,"B-30,Ram Nagar, Om Vihar, Uttam Nagar, Delhi - 110059, Pillar No-708",+(91)-9643314314
48,I In Influence Pvt Ltd,"Gurgaon Sector 51, Gurgaon - 122003",07947468160
49,DigiEmporia,"Office No-56B Second Floor, Sushant Vyapar Kendra Market, Sushant Lok Phase 1, Gurgaon - 122002, Near Courtyard By Marriott",07947082873
50,Itechcanny,"Office No A 312, Logistech Nova Building, Noida Sector 134, Noida - 201304, Near Adobe Company",08045797490
51,Webmok Pvt Ltd,"130B, Sewak Park, Dwarka More, Delhi - 110059, Pillar No-783",07947227238
52,Sky High Communication Pvt ..,"302, 3rd Floor, Metroplex East Mall, District Centre, Laxmi Nagar, Delhi - 110092, Near V3S Mall",07947453441
53,Kanishk Advertisement,"Flat No 193 , Pocket-8, Surya Uday Apartment, Dwarka Sector 12, Delhi - 110078, Near By Radison Blu Hotel",+(91)-011-43306137
54,Write Solutions,"904 Tower 17 , Orchid Petals, Sector 49, Gurgaon, Gurgaon - 122018",07947468192
55,The Media Talks,"3C-67 BP, NIT 3, Faridabad NIT, faridabad - 121001, Opposite Esi Hospital",07947234938
56,Semirer Digital,"No 415 Pratap Bhawan, 5 Bahadur Shah Zafar Marg, ITO, Delhi - 110002",07947076772
57,Greno Mark INDIA,"C-363 Alpha -1, Commercial Belt, Greater Noida, Noida - 201310, (Alpha 1 Metro Station)",07947467808
58,APS Web Hub,"GA-6, Mother Dairy Road, Shiv Nagar-janakpuri, Delhi - 110058, Dr Duggal",+(91)-7838904326
59,Ms Digital Marketing,"GH 12/221 Unnati Appartment, Paschim Vihar, Delhi - 110063",07947467825
60,Godigiworld.com,"B - 52, Allied Towers, B - Block Community Centre, Janakpuri, Delhi - 110058, Near ICICI Bank",07947221440
61,Ridhi Sidhi India Pvt Ltd,"E 296 Shanti Marg, Gali No 5, Vinod Nagar West, Delhi - 110092, Near Shiv Mandir",+(91)-7982589406
62,Dhanjal International,"224 A/2 Second Floor,, D 21 Corporate Park, Dwarka Sector 21, Delhi - 110078, Sector 8 Dwarka Metro Station",07947208600
63,Digivantiv Technologies Pvt..,"56/20 Ashok Nagar, Tilak Nagar, Delhi - 110018, Subhash Nagar Metro",07947229429
64,Web Techno Solutions,"524 5th Floor, Westend Mall, Janakpuri, Delhi - 110058, Near Janakpuri District Center , Near By Janakpuri Wst Metro Station",07947060561
65,Unilink Software Pvt Ltd,"K -2061, 1st Floor, Chitranjan Park, Kalkaji, Delhi - 110019, Near SBI Bank",08045773766
66,The Hope Communications,"Office Number W 127, Greater Kailash 2, Delhi - 110048",+(91)-9289841801
67,Shri Sai Tech Solutions,"Plot No.28, Dwarka, Delhi - 110075",07947229708
68,Acemind Technology Pvt. Ltd..,"No 48/49, Fourth Floor, Rama Building, Guru Angad Nagar East, Delhi - 110092, Near Makkar Hospital",07947221532
69,DigiTace Tech Solutions Pvt..,"802 Tower G 8th Floor Amrapali Silicon City, Amrapali, Noida Sector 76, Noida - 201304, Near Sector 76 Metro Station",07947235566
70,Strategy Originators,"E-21 A, DEEP VIHAR, Pansali, Rohini, Delhi - 110042, OPPOSITE SECTOR 24 ROHINI",07947228629
71,The Digital Leads,"50/B,, Bharat Nagar, New Friends Colony, Delhi - 110025, Near Surya Hotel",07947235795
72,E 3 Soft Infotech Pvt Ltd,"5/678, Vasundhara Sector 5, Ghaziabad - 201012, Near By DPS",+(91)-9870598860
73,Soils Craft Intelligence,"F-111 First Floor Vardhman Key Point Plaza, LSC Plot No - 1, Dwarka Sector 6, Delhi - 110075",07947197529
74,Cybercure Technologies Pvt ..,"CS4,2nd Floor Chandni Plaza, Gyan Khand 1-indirapuram, Ghaziabad - 201014, Near St. Francis School",07947227485
75,Galaxy Web Solutions,"Office No. 206, 2nd Floor, Shokeen Plaza, Dwarka Sector 12, Delhi - 110078",07947234112
76,Appsthink Solutions,"D-340, 2nd Floor, Noida Sector 10, Noida - 201301",+(91)-8959285336
77,Ranking Zoom,"B 165, Uttam Nagar, Delhi - 110059, Nawada Metro Station",07947228778
78,Tota Media Communications,"53 A, ED Block, Pitampura, Delhi - 110034, Madhuban Chowk",07947239499
79,RPG SKILLS,"A-52-52A  A-BLOCK, MAIN RANHOLLA ROAD, VIKAS NAGAR, Uttam Nagar, Delhi - 110059, SOM BAZAR COMANDER CHOK",07947224938
80,Digineb,"110 Basement, Kirti Nagar, Delhi - 110015, Opp R K Banquet",07947060039
81,Jivaro It Solutions Pvt Ltd,"G-172,, Noida Sector 63, Noida - 201307",07947231648
82,Nexcuit Web Solutions,"A-13,, Mohan Park, Laxmi Nagar, Delhi - 110092, Near Radhu Palace",07947066166
83,Visartfox & Medpra,"G-2, Aggarwal Corporate Heights, Netaji Subhash Place Complex-Pitampura, Delhi - 110034, Near Barbeque Nation",+(91)-11-47212028
84,The Sea,"J 3/157, Third Floor, Kalkaji, Delhi - 110019, Near Alaknanda Market",07947220206
85,The Epic Creations,"GA-110, Pul Pahladpur, Badarpur, Delhi - 110044",07947276766
86,My Busi Info,"CR-259, C R Road, Laxmi Nagar, Delhi - 110092, Near Manish Public School",07947167724
87,Divine Web Solution,"G Block Main Market, Janakpuri, Delhi - 110058",07947467841
88,Indiamap Digital Pvt Ltd,"Regal Building, Ashok Road-Connaught Place, Connaught Place, Delhi - 110001",07947454369
89,Digital Trunk,"Near H Block, Noida Sector 62, Noida - 201309",07947231121
90,Bridge Technosoft,"Shop Number 3, First Floor, C/5, Rohini Avantika, Delhi - 110085, Near Sanjeevan Surgical Center Sector 1",+(91)-9711771854
91,Saavy Technologies,"Mamura Chowk, Street No 5, Noida Sector 63, Noida - 201307, Near Govt Primary School",07947467664
92,Compare Best Financial and ..,"Building Number 24, Dwarka 19, Market, Dwarka, Delhi - 110075, Near Tokas Complex",07947235319
93,Gybdigitally,"E-82, 2nd Floor, Sector 6, Noida, Noida - 201301",07947237361
94,Eventoss Entertainment Pvt ..,"2nd Floor , C/4 197, Sector 36, Sector 4, Noida - 201301, Near Noida City Centre",07947223572
95,Perfect marketing agency,"D- 242, Noida Sector 63, Noida - 201307",07947271509
96,Sukhmani Mediaworks Solutio..,"Main Road, New Ashok Nagar, Tilak Nagar, Delhi - 110018, McDonald's",07947228450
97,The Tie Media,"Laxmi Nagar, Delhi - 110092, Near V3S Mall",07947358660
98,Medhira It Solutions,"A 81, Sector 4, Noida - 201301, Near Sector 16 Metro Station",+(91)-120-4279499
99,Sixsoftmedia.com,"C- 105, Sector 9, Noida - 201301",07947061016
0,Wow Digital Pvt Ltd,"L-29, First Floor, Connaught Place, Delhi - 110001, Near- Haldiram",07947224691
1,Thewebquest.info,"House No.2, Street No.4, Noida Sector 51, Noida - 201307, Near City Pride Banquet Hall",07947293857
2,Nexcuit Web Solutions,"A-13,, Mohan Park, Laxmi Nagar, Delhi - 110092, Near Radhu Palace",07947066166
3,A2 Promotion,"F-2468, Sector-23, Palam Vihar, Gurgaon - 122017, Near Ansal Plaza Mall",07947349317
4,PR Guru,"404-A, Pratap Bhawan Bahahdur Shah Zafar Marg, 4st Floor, ITO, Delhi - 110002",+(91)-11-40453445
5,Digital Line INDIA,"Office No. 312, H-3, Vardhman Plaza, Netaji Subhash Place Complex-Pitampura, Delhi - 110034, Behind P P Jewellers Pvt Ltd",07947230211
6,Designscreations,"JG-2/562, Ground Floor, Vikaspuri, Delhi - 110018, Near Metro Pillar No P-30",+(91)-9990911409
7,Pentalead Media Private Lim..,"Office No. 203, G192, Noida Sector 63, Noida - 201307",07947234452
8,Mg Solutions,"G-200, Noida Sector 63, Noida - 201307, G Block",07947452546
9,Creation4u,"Office No. RZ - 52,53, Santosh Park, Uttam Nagar, Delhi - 110059, Near Sant Nirankari Bhawan",07947234125
10,Trivee Technology,"B 116, Second Floor, Opp Metro Pillar Number 547, Ganesh Nagar, Delhi - 110092, Nr Janakpuri East Metro Station",+(91)-9891210081
11,Adiz Connect,"Block 22, Sector 2, Diz-Gol Market, Delhi - 110001",07947467365
12,Suprams Info Solutions Priv..,"817-A, Jaina Tower-II, District Center, Janakpuri, Delhi - 110058, Near Janakpuri Metro Station (West)",07947224114
13,Marketing Clinic,"Buikding No - 124, Block C, Noida Sector 10, Noida - 201301, Near Noida Stadium",07947467833
14,Brand Innovation,"4134 First Floor, Sector 23-A, Gurgaon, Gurgaon - 122017",07947233361
15,The Mridul Photography,"MAIN DADRI ROAD, Surajpur Industrial Area, Noida - 201306, ARYA SMAJ MANDIR",07947165576
16,Bis Technologies,"Plot Number-396/12, New Railway Road, Gurgaon - 122001, Opposite SS Jewellers, Near Main Bus Stand",07947215008
17,Ensit - Website & Android D..,"454/2 Balaji House First Floor, Azadpur, Delhi - 110033",07947325269
18,ITS IT Solutions,"Unit No. 333A, Tower B, Sohna, Gurgaon Sector 47, Gurgaon - 122018, Spaze Edge",07947468017
19,Sharmaenterprisesnoida.com,"C-4 1st Floor Sector 63 Noida Gautam Buddha Nagar Uttar Pradesh, Noida Sector 63, Noida - 201307",07947467569
20,Next Door Global Services,"A - 1 , First Floor, Cariappa Marg, Sainik Farms, Delhi - 110062",+(91)-11-40046590
21,Divine Web Solution,"G 22/ 174, Sector 7, Rohini, Delhi - 110085",07947234914
22,Sun Glow Tech,"A-5, Fifth Floor, Sri Ram Place (Near Vinayak Hospital), Noida Sector 18, Noida - 201301, Atta Market",07947076042
23,V Banquet,"E-220, Noida Sector 63, Noida - 201307",+(91)-9136504048
24,Iot Tech Softwares,"E 530 Second Floor Lucky Plaza Sector 7, Ramphal Chowk, Dwarka, Delhi - 110075",07947466517
25,Softonic Solution,"Block A, 2nd Floor, Plot No. 11, 12, 16, 17, Palam Extension, Sector 7 Dwarka, Delhi - 110075, Sector 7 Dwarka",07947081950
26,The Design Point,"A-64, 3rd Floor, Jj Colony, Tigri, Delhi - 110062, Main Road",07947218713
27,Across The Road,"BC-703, Matrix Tower, Sector-132, Sector 132, Noida - 201304, Nr By Jaypee Hospital",+(91)-9910469469
28,Galaxy Of Web,"48/8, Ground Floor, Ashok Nagar, Delhi - 110018, Near Tilak Nagar, Arya Samaj Mandir",+(91)-9899998237
29,Givni Pvt Ltd,"2nd Floor,D-35 Sector 2, Noida Sector 15, Noida - 201301, Near FM Radio 98.3",07947261514
30,Infoasia Systems,"45 A  Amar Plaza Office No 303, Hassan Pur Village, Delhi - 110092, Behind Hassanpur Village Bus Stop",+(91)-011-49074871
31,The Graphic House,"M 302, Dharma Apartment, Indraprastha Extension, Delhi - 110092, Near Mother Dairy",07947221701
32,Flying Minds,"316 Shri Nagar Garden, Street Number 2, Rani Bagh, Delhi - 110034",+(91)-9899818881
33,Galaxy Advertising And Even..,"shop no 11, DDA  market, Janakpuri C Block, Delhi - 110058, near orchid hospital",07947230687
34,Nextra Online Service Pvt L..,"Plot No 4B, District Centre, Mayur Vihar Phase 1 Extension, Delhi - 110091, Petrol Pump",07947461295
35,Elevate Web,"Office No 207 SGL Plaza D C  Chowk, Rohini Sector 9, Delhi - 110085, Near By Prashant Vihar Police Station",07947193985
36,Get Marketed,"25/160,basemant,vikram Vihar, Gautam Nagar, Delhi - 110049, Near Moolchand Metro Station",07947167533
37,Mystic Media,"C-7/73,Keshav Puram, New Delhi, Keshav Puram, Delhi - 110035, Near C 7 Mother Dairy",07947453571
38,DigiEmporia,"Office No-56B Second Floor, Sushant Vyapar Kendra Market, Sushant Lok Phase 1, Gurgaon - 122002, Near Courtyard By Marriott",07947082873
39,Nish Itniorwings Pvt Ltd,"B -86. First Floor, Noida Sector 65, Noida - 201301, Nr. SBI BANK BUILDING",07947231576
40,Webxxpert,"D-139 First Floor.lane No 6, Laxmi Nagar, Delhi - 110092",07947238822
41,Cached Solutions,"105-108, First Floor Bhanot Bhawan, Azadpur, Delhi - 110033, Near Aakash Cinema,Commercial Complex",+(91)-9582222265
42,Softonic Solution,"Kutub Plaza Market, DLF City Phase 1, Gurgaon - 122002",07947162482
43,Semirer Digital,"No 415 Pratap Bhawan, 5 Bahadur Shah Zafar Marg, ITO, Delhi - 110002",07947076772
44,APS Web Hub,"GA-6, Mother Dairy Road, Shiv Nagar-janakpuri, Delhi - 110058, Dr Duggal",+(91)-7838904326
45,Folksy Digital Solution Pvt..,"Janakpuri, Chanakya Place, Delhi - 110059",07947195104
46,Apzle Technology,"B-30,Ram Nagar, Om Vihar, Uttam Nagar, Delhi - 110059, Pillar No-708",+(91)-9643314314
47,Globalteq Solution,"37, 4th Floor, Moti Bagh, Delhi - 110021, Oppsite- Venketshwar College",07947467781
48,Brand Roof Solutions,"Office No. 705, D Block, Saket, Delhi - 110017, Near PVR Cinema",07947216185
49,Sky High Communication Pvt ..,"302, 3rd Floor, Metroplex East Mall, District Centre, Laxmi Nagar, Delhi - 110092, Near V3S Mall",07947453441
50,I In Influence Pvt Ltd,"Gurgaon Sector 51, Gurgaon - 122003",07947468160
51,Ridhi Sidhi India Pvt Ltd,"E 296 Shanti Marg, Gali No 5, Vinod Nagar West, Delhi - 110092, Near Shiv Mandir",+(91)-7982589406
52,Atomants Services,"Likhi Ram Complex/ Office No:209, Noida Sector 27, Noida - 201301, Near NIPS, Noida",07947264611
53,Bizmart Infotech Pvt Ltd.,"Plot No 306, Vaishali Sector 3, Ghaziabad - 201012, Near Pnb Bank",07947222173
54,Motivation N You,"Main Market, Connaught Place, Delhi - 110001",+(91)-8708023967
55,Strategy Originators,"E-21 A, DEEP VIHAR, Pansali, Rohini, Delhi - 110042, OPPOSITE SECTOR 24 ROHINI",07947228629
56,The Hope Communications,"Office Number W 127, Greater Kailash 2, Delhi - 110048",+(91)-9289841801
57,The Digital Leads,"50/B,, Bharat Nagar, New Friends Colony, Delhi - 110025, Near Surya Hotel",07947235795
58,Orbester Infotech Pvt Ltd,"Vardhman Crown Mall, Office No. 255-256, 2nd Floor, Dwarka Sector 19, Delhi - 110075, Near Dwarka Sector 10 Metro Station",07947223799
59,Neofinitive Solutions Priva..,"Plot No 73, Ground Floor, Pocket 17, Rohini Sector 22, Delhi - 110085",07947216254
60,Acemind Technology Pvt. Ltd..,"No 48/49, Fourth Floor, Rama Building, Guru Angad Nagar East, Delhi - 110092, Near Makkar Hospital",07947221532
61,Immortal Technologies Pvt L..,"Plot No-596, First Floor, Udyog Vihar Industrial Area Phase 5, Gurgaon - 122016",07947193042
62,Vostro Services,"1299,1st Flr,Kalan Mehal,Darya Ganj,Nr Jama Majid, Darya Ganj, Delhi - 110002",+(91)-9910384233
63,Cybercure Technologies Pvt ..,"CS4,2nd Floor Chandni Plaza, Gyan Khand 1-indirapuram, Ghaziabad - 201014, Near St. Francis School",07947227485
64,Delite Web Technologies Pvt..,"Shop Number F- 299, Dr Mukherjee Nagar, Delhi - 110009, Near Batra Cinema,Gandhi Vihar",07947233244
65,Bit Binders IT Solutions,"C 215, Kalyan House, Paryavaran Complex, Saket, Delhi - 110017, Near Garden Of Five Senses",07947217454
66,Brandway,"D-159, Ganesh Nagar, Pandav Nagar Complex, Pandav Nagar, Delhi - 110092, Near to Kali Mandir",07947453478
67,Godigiworld.com,"B - 52, Allied Towers, B - Block Community Centre, Janakpuri, Delhi - 110058, Near ICICI Bank",07947221440
68,Unilink Software Pvt Ltd,"K -2061, 1st Floor, Chitranjan Park, Kalkaji, Delhi - 110019, Near SBI Bank",08045773766
69,Ranking Zoom,"B 165, Uttam Nagar, Delhi - 110059, Nawada Metro Station",07947228778
70,Tekosep,"408 , 4rth Floor, ITL Twin Tower B-09, Netaji Subhash Place Complex-Pitampura, Delhi - 110034",07947229203
71,Dhanjal International,"224 A/2 Second Floor,, D 21 Corporate Park, Dwarka Sector 21, Delhi - 110078, Sector 8 Dwarka Metro Station",07947208600
72,E 3 Soft Infotech Pvt Ltd,"5/678, Vasundhara Sector 5, Ghaziabad - 201012, Near By DPS",+(91)-9870598860
73,Digivantiv Technologies Pvt..,"56/20 Ashok Nagar, Tilak Nagar, Delhi - 110018, Subhash Nagar Metro",07947229429
74,Techabilit It Solutions Pvt..,"C-43, Noida Sector 7, Noida - 201301, Near",07947225872
75,Tota Media Communications,"53 A, ED Block, Pitampura, Delhi - 110034, Madhuban Chowk",07947239499
76,Digital Marketing Services ..,"A-83, A- Block, Noida Sector 63, Noida - 201307, Peach Blossom Play School-Noida Sector 61",07947271674
77,Digital Trunk,"Near H Block, Noida Sector 62, Noida - 201309",07947231121
78,Eventoss Entertainment Pvt ..,"2nd Floor , C/4 197, Sector 36, Sector 4, Noida - 201301, Near Noida City Centre",07947223572
79,Galaxy Web Solutions,"Office No. 206, 2nd Floor, Shokeen Plaza, Dwarka Sector 12, Delhi - 110078",07947234112
80,Ms Digital Marketing,"GH 12/221 Unnati Appartment, Paschim Vihar, Delhi - 110063",07947467825
81,Visartfox & Medpra,"G-2, Aggarwal Corporate Heights, Netaji Subhash Place Complex-Pitampura, Delhi - 110034, Near Barbeque Nation",+(91)-11-47212028
82,Appsthink Solutions,"D-340, 2nd Floor, Noida Sector 10, Noida - 201301",+(91)-8959285336
83,Searchosis Marketing Pvt Lt..,"115 A, Vipul Business Park, Gurgaon Sector 48, Gurgaon - 122001, Near Sohna Road",07947230915
84,Greno Mark INDIA,"C-363 Alpha -1, Commercial Belt, Greater Noida, Noida - 201310, (Alpha 1 Metro Station)",07947467808
85,Zensly Technology,"F 58, Lower Ground Floor, Kalkaji, Delhi - 110019, Near Desh Bandhu College",+(91)-011-41616655
86,Bridge Technosoft,"Shop Number 3, First Floor, C/5, Rohini Avantika, Delhi - 110085, Near Sanjeevan Surgical Center Sector 1",+(91)-9711771854
87,Kenzera Digital Services,"108/109 1st Floor, NDM 1, Netaji Subhash Place Complex-Pitampura, Delhi - 110034",+(91)-9810601439
88,Viewbird Computec,"C-133 A, Moti Nagar, Delhi - 110015, Near Durga Mata Mandir &amp; Metro Station",07947238893
89,DigiSampark,"120, 1st Floor, Westend Mall, Janakpuri, Delhi - 110058",07947234597
